freq_Hz,omega_rad_s,Zmot_real_ohm,Zmot_imag_ohm,Zblocked_real_ohm,Zblocked_imag_ohm,radiated_power_far_W,radiated_power_boundary_flux_W,Rac_far_ohm,Rac_boundary_flux_ohm,Rinternal_far_ohm,eta_far,efficiency_odds_far,odds_identity_residual_ohm,A0_estimate_real_ohm_s,A0_estimate_imag_ohm_s,Ainf_estimate_real_ohm_per_s,Ainf_estimate_imag_ohm_per_s,axis_SPL_dB,solve_seconds,useful_efficiency_budget_ohm,internal_loss_penalty_budget_ohm,cumulative_moment_0,cumulative_moment_2,cumulative_useful_moment_0,cumulative_internal_moment_0,cumulative_useful_moment_2,cumulative_internal_moment_2
1.0,6.283185307179586,0.0019932880665952,0.2329950803704688,5.565248120235789,0.0116992918174996,1.6369516280168163e-09,-6.19764626013299e-08,3.2739032560336327e-09,-1.239529252026598e-07,0.0019932847926919,5.880656174081631e-10,5.880656177539841e-10,0.0,0.0370823187570535,-0.0003172416488047,1.463951265628857,-0.0125241982930075,24.291694977771662,53.58231146399999,3.272731073780658e-09,0.0019932847938640822,0.0,0.0,0.0,0.0,0.0,0.0
1.1277196314487037,7.085671418936472,0.0025295502015793,0.2627663838922702,5.565268992214048,0.0131914842512454,2.650508786776548e-09,-9.839928936605772e-08,5.301017573553096e-09,-1.9679857873211545e-07,0.0025295449005617,9.520850176546103e-10,9.52085018561076e-10,0.0,0.0370841898186284,-0.0003569951317272,1.861876256202748,-0.0179235615660957,26.384603280791147,54.488444578999975,5.298609231749493e-09,0.002529544902970042,0.0011553104734266788,2.5766990880541057e-05,2.189456849687457e-09,0.0011553082839698113,4.813371355134733e-11,2.576694274682709e-05
1.2717515671547996,7.99065076112965,0.0032108558450777,0.2963403951736275,5.56529524311,0.0148735054772965,4.291431710168159e-09,-1.558731590397783e-07,8.582863420336317e-09,-3.117463180795566e-07,0.0032108472622143,1.541322442287866e-09,1.5413224446635406e-09,0.0,0.0370858900022472,-0.0004018265772165,2.367952604247608,-0.0256568277023482,28.477298989317696,55.08237084999996,8.577914469384677e-09,0.003210847267163251,0.0028089140627046514,5.476631532964029e-05,6.1867819887792075e-09,0.0028089078759226433,1.1723434519645163e-10,5.476619809529462e-05
1.4341792086061216,9.01121373137643,0.0040769775531591,0.3342211899372551,5.565328204979024,0.0167693494682714,6.9486105900375375e-09,-2.461517935993412e-07,1.3897221180075072e-08,-4.923035871986824e-07,0.0040769636559379,2.4952792487898268e-09,2.495279255016245e-09,0.0,0.0370894753914802,-0.0004524337869119,3.0117385760795625,-0.0367385161095414,30.570216169358734,55.71109608699999,1.3887048017240956e-08,0.004076963666111062,0.0051764052430362025,8.741263193553958e-05,1.3484643732769258e-08,0.005176391758392451,2.1643291344643968e-10,8.741241550262568e-05
1.6173520485606887,10.162122628053323,0.0051778384023677,0.376947849727109,5.565369524882999,0.018906002679591,1.1251173686409049e-08,-3.871073552151294e-07,2.2502347372818097e-08,-7.742147104302588e-07,0.0051778159000203,4.0395217750283684e-09,4.039521791346104e-09,0.0,0.03709341675198,-0.0005095233143589,3.830590273307898,-0.0526178287931048,32.66317150996939,55.07965751300003,2.2481431472658387e-08,0.0051778159209362,0.008566867086697572,0.000124174439344259,2.680807907875783e-08,0.008566840278618457,3.5883768291137025e-10,0.00012417408050657545
1.8239196561256652,11.460025184844824,0.0065775048379515,0.4251487977080026,5.56542123822998,0.0213138080825748,1.8220637038833173e-08,-6.056734967211351e-07,3.6441274077666353e-08,-1.2113469934422705e-06,0.0065774683966774,6.540072199944871e-09,6.540072242717415e-09,0.0,0.0370984173987885,-0.0005739520404064,4.872215929040207,-0.0753783710963634,34.75678807113289,55.04233773600004,3.639825695917788e-08,0.006577468439694518,0.013423413345213289,0.00016557985137971305,5.113335182582914e-08,0.013423362211861406,5.632755199992491e-10,0.00016557928810419226
2.0568700023980817,12.923695377846068,0.0083571919830513,0.4795226370200822,5.565485860022697,0.0240268702845615,2.9515778351047732e-08,-9.417612725216278e-07,5.9031556702095465e-08,-1.883522545043256e-06,0.0083571329514946,1.0590817888360338e-08,1.0590818000525764e-08,0.0,0.0371041426620194,-0.0006466565280838,6.197204487628994,-0.1080058034031324,36.851661650286815,55.86308562499994,5.8943047828e-08,0.008357133040003474,0.02038149893706561,0.0002122255810649272,9.555293175430331e-08,0.020381403384133787,8.568174749728586e-10,0.00021222472424745138
2.319572681042258,14.574304988459875,0.010621414319765,0.5408873507474021,5.565566498245118,0.0270835046203051,4.783866276290323e-08,-1.4535547158106898e-06,9.567732552580645e-08,-2.90710943162138e-06,0.0106213186424395,1.7158196069794516e-08,1.7158196364198214e-08,0.0,0.0371123941193548,-0.0007287767291939,7.88305721419271,-0.1547997317050514,38.94888746303885,55.35870729299995,9.549508285489277e-08,0.010621318824682171,0.03035296036243178,0.00026478751224346764,1.7669555298469383e-07,0.03035278366687874,1.2784470562858232e-09,0.00026478623379641054
2.6158276489834567,16.435729850206975,0.0135020348672805,0.6101307392494509,5.565666994254751,0.0305267325752442,7.758125178592494e-08,-2.2234797491556754e-06,1.5516250357184988e-07,-4.446959498311351e-06,0.0135018797047769,2.78110418884848e-08,2.7811042661938878e-08,0.0,0.0371222175595547,-0.000821505037521,10.027944003611047,-0.2219157975066985,41.048655830750846,55.370375818999946,1.5478700221936399e-07,0.013501880080278252,0.04464634369351039,0.0003240308587717525,3.249901751645545e-07,0.04464601870333517,1.8843363047088396e-09,0.000324028974435447
2.949920192244952,18.534895209265866,0.017168641830782,0.6882910629383652,5.565792095651578,0.0344048250264387,1.2589670837169958e-07,-3.3650193687451924e-06,2.517934167433991e-07,-6.730038737490385e-06,0.0171683900373652,4.510033807920805e-08,4.510034011324863e-08,-3.469446951953614e-18,0.0371348774928211,-0.0009262875045659,12.757402725036812,-0.318218977218963,43.15123467285194,55.37875540099992,2.5101911651351706e-07,0.01716839081166543,0.06514003245672398,0.00039082144090706885,5.96143771721644e-07,0.06513943631295216,2.7554367151155155e-09,0.0003908186854703527
3.3266829120015657,20.90216519433364,0.0218379459666058,0.7765434181681179,5.5659476674673405,0.0387718934105766,2.0441872504446288e-07,-5.027841616788946e-06,4.088374500889257e-07,-1.0055683233577891e-05,0.0218375371291558,7.316627343504625e-08,7.31662787883502e-08,-3.469446951953614e-18,0.0371513386746474,-0.0010447695616014,16.231438807122505,-0.4564603540989284,45.256308377446,53.95918886799996,4.072396787592829e-07,0.021837538726927133,0.09453248867066193,0.0004661431852787885,1.0921585197430282e-06,0.0945313965121421,4.008390995869325e-09,0.0004661391768877916
3.7515656274691054,23.571782029433848,0.0277863754148676,0.8762084054542955,5.566140947314701,0.0436885270147028,3.3203271313686976e-07,-7.398607938671383e-06,6.640654262737395e-07,-1.4797215877342768e-05,0.0277857113494413,1.1871184374803557e-07,1.1871185784053909e-07,0.0,0.0371719204072132,-0.0011787982503898,20.653793545726447,-0.6549743846672788,47.36292144490917,55.49796821100006,6.607669328580264e-07,0.027785714647934716,0.1367015215142505,0.0005511134986387675,1.999713618305524e-06,0.13669952180063216,5.811027508374955e-09,0.0005511076876112582
4.230714206765084,26.582361342822317,0.0353715676520981,0.9888372798871518,5.566380848961553,0.0492224723056597,5.3940730285139e-07,-1.0695113394619424e-05,1.07881460570278e-06,-2.139022678923885e-05,0.0353704888374924,1.925851993214189e-07,1.9258523641048507e-07,0.0,0.0371990007634951,-0.0013306405400154,26.28562988321379,-0.9402597925901568,49.47028336534317,54.874076184000046,1.0720027717480572e-06,0.03537049564932636,0.19722559889783642,0.0006470066026469905,3.660221902723761e-06,0.19722193867593363,8.404471465539153e-09,0.000646998198175524
4.771059466017914,29.97745073656384,0.0450495100010992,1.1161395788762387,5.566678316326319,0.0554493479194306,8.762034840286174e-07,-1.5146722698127258e-05,1.7524069680572349e-06,-3.0293445396254515e-05,0.0450477575941312,3.12275830598166e-07,3.122759281143908e-07,0.0,0.0372326382481506,-0.0015027798860211,33.45901924089156,-1.3504694667642934,51.57715105051119,54.43274331099997,1.7383396377450555e-06,0.04504777166146152,0.28413589500565406,0.000755278410135391,6.697332298417315e-06,0.2841291976733556,1.2134449313254367e-08,0.0007552662756860769
5.380417422637569,33.80615969640943,0.0574143828143199,1.260156314576332,5.567046725877755,0.0624533870941816,1.4231531035670911e-06,-2.0965569846892377e-05,2.8463062071341827e-06,-4.1931139693784754e-05,0.0574115365081128,5.060584742484012e-07,5.060587303437102e-07,6.938893903907228e-18,0.0372759380507267,-0.0016983408742643,42.60104561300624,-1.940959794291685,53.68358536148844,54.795248396000034,2.8172525978618056e-06,0.05741156556172207,0.4090102717122523,0.0008775984390605182,1.224930505018084e-05,0.40899802240720223,1.749618131199229e-08,0.0008775809428792056
6.067602352897023,38.12386995353086,0.0732340256917725,1.423216357896529,5.567502329664834,0.0703281986075253,2.311514096039396e-06,-2.829251378786784e-05,4.623028192078791e-06,-5.658502757573568e-05,0.0732294026635804,8.195788458874929e-07,8.19579517597528e-07,1.3877787807814457e-17,0.0373313716480327,-0.0019209494151836,54.2585153441851,-2.791964471646674,55.78998871151366,56.5786443799999,4.563010873569819e-06,0.0732294626808989,0.5885695066877876,0.0010158939500938184,2.2392516728005106e-05,0.5885471141710599,2.519894203456021e-08,0.0010158687511517832
6.842554289186317,42.99303657339413,0.0935064181165638,1.608018551597638,5.568064723676516,0.0791775386787076,3.752768214327118e-06,-3.713521596527756e-05,7.505536428654236e-06,-7.427043193055512e-05,0.0934989125801351,1.3256985103038294e-06,1.3257002677826996e-06,1.3877787807814457e-17,0.037401837128963,-0.0021749200700661,69.1336003995335,-4.020124853932511,57.89446996850792,56.535625015999926,7.38158489520936e-06,0.09349903653166854,0.847001166261801,0.0011723951536240426,4.0905491966421806e-05,0.8469602607698345,3.625436896783475e-08,0.0011723588992550741
7.716482801168939,48.48409135940866,0.1195337379088272,1.817771287671408,5.5687573174980365,0.0891160912045697,6.07616325769567e-06,-4.75579944972134e-05,1.215232651539134e-05,-9.51159889944268e-05,0.1195215855823118,2.1363756525503823e-06,2.1363802166610616e-06,0.0,0.0374921182743513,-0.0024654218436875,88.13298918197044,-5.795484669303188,59.9871089065679,55.52078213100003,1.1896982964489328e-05,0.1195218409258627,1.2193648993574322,0.001349694009244221,7.460167221198677e-05,1.21929029768522,5.2080375747472533e-08,0.001349641928868473
8.702029140614496,54.6764616389576,0.1532331926570462,2.0562548183690588,5.569607772900321,0.1002702634752724,9.795926880352974e-06,-6.240018947190285e-05,1.9591853760705947e-05,-0.0001248003789438,0.1532136008032855,3.423448926611545e-06,3.423460646654221e-06,2.775557561562892e-17,0.0376076790035724,-0.0028025440576034,112.42873769647755,-8.37824878012799,62.061063056593646,55.82889732399997,1.9067333027823707e-05,0.15321412532401837,1.7570137992394252,0.0015509563406384426,0.00013563520877130593,1.7568781640306537,7.462788453099482e-08,0.0015508817127539106
9.813449095309654,61.65971916840442,0.1966053252586909,2.3278185357842567,5.570648373874943,0.1127790196636818,1.6547838566475315e-05,-8.003060819457934e-05,3.309567713295063e-05,-0.0001600612163891,0.1965722295815579,5.738550592619554e-06,5.7385835237714345e-06,0.0,0.0377526619838559,-0.0031885536929178,143.53263719146364,-12.12262914246369,64.33713664759654,55.70802341900003,3.196763097504288e-05,0.1965733576277158,2.5346488187044853,0.0017798398719478365,0.00024907776353117606,2.534399740940954,1.0749557782803136e-07,0.0017797323763700077
11.066819197003216,69.5348757758236,0.2529478959792064,2.6381235755106256,5.571916292173506,0.1267947935506542,2.7428118873324367e-05,-7.807599739099785e-05,5.4856237746648734e-05,-0.0001561519947819,0.2528930397414597,9.417599445189082e-06,9.417688137203656e-06,0.0,0.0379395741500392,-0.003637712632071,183.4415951044029,-17.588700524670067,66.53422122015313,53.26067522899996,5.24745699662942e-05,0.25289542140924004,3.6615619519437086,0.0020406086326073174,0.00046075242349331977,3.6611011995202145,1.5577821915837428e-07,0.0020404528543881578
12.480269266153908,78.4158444827432,0.326638833167405,2.9937936453837226,5.573453723442513,0.1424845413151167,4.3908710175683343e-05,-7.232474723756677e-05,8.781742035136669e-05,-0.0001446494944751,0.3265510157470536,1.4884075039294794e-05,1.4884296578281971e-05,0.0,0.0381784276523676,-0.0041654698144491,234.7608569098348,-25.61365994367993,68.57613274306273,53.5942208649999,8.295693818504831e-05,0.3265558762292199,5.299995756725913,0.0023386633966568635,0.000843603772616715,5.299152152953294,2.245959135948936e-07,0.0023384388007432677
14.074244657207664,88.43108723981798,0.4236036687175173,3.4032121096589187,5.575307889926574,0.1600310088164197,7.026595445750728e-05,-3.079595214836331e-05,0.000140531908915,-6.159190429672663e-05,0.4234631368086023,2.342623449957619e-05,2.3426783300895367e-05,0.0,0.0384843409244724,-0.0047902121520765,300.94974696485286,-37.45973298346573,70.61380898467087,53.97276904199998,0.00013061152977308205,0.42347305718774425,7.691731927380245,0.0026806958561034857,0.0015244495370773394,7.690207477843166,3.208501841085879e-07,0.0026803750059193757
15.871801997745106,99.72547311069565,0.5522137024360539,3.876976986122013,5.5775309327707605,0.1796342890887631,0.0001203457096894,-0.0001222425019165,0.0002406914193789,-0.0002444850038331,0.551973011016675,3.9266141365254416e-05,3.926768325565622e-05,0.0,0.0388764962971752,-0.0055373385075154,386.6333641802966,-55.06977273364439,72.9563566130126,53.500241104,0.000219016718016667,0.5519946857180372,11.199907284462347,0.0030750608441155168,0.002781403183624753,11.19712588127872,4.600693473636494e-07,0.0030746007747681514
17.89894269932391,112.46237378244132,0.7253318178938974,4.428512534748302,5.580179741794423,0.2015137301873412,0.0001996893906934,-0.0001182960853734,0.0003993787813869,-0.0002365921707468,0.7249324391125105,6.333804602630238e-05,6.334205798848666e-05,1.1102230246251563e-16,0.0393777259522839,-0.0064495510231453,498.0410319830902,-81.57253802028116,75.15522968962772,54.0230170719999,0.00035346006879092087,0.7249783578251064,16.379436329223385,0.003532685187025406,0.005102385174118182,16.374333944049265,6.626570067183121e-07,0.0035320225300186857
20.18498906420302,126.82602671378103,0.961586558137158,5.075748055854296,5.583315780567464,0.2259102217034479,0.0003354425709609,-8.031864778951735e-05,0.0006708851419219,-0.000160637295579,0.960915672995236,0.0001025049889521,0.000102515497302,0.0,0.0400213440992609,-0.0075819339535665,643.7369585241992,-121.95420250991596,77.40774984292172,56.93110415399997,0.0005723763938389778,0.9610141817433184,24.09218357197051,0.004068217535716101,0.009335395333853407,24.082848176636652,9.531276968241393e-07,0.004067264408019274
22.763008428279147,143.0242001037686,1.2901993546774944,5.841725517544683,5.587004944992716,0.2530888503758982,0.0005706836976631,3.2436402032516374e-05,0.0011413673953263,6.487280406503275e-05,1.289057987282168,0.0001659638634526,0.0001659914120286,0.0,0.0408443152508898,-0.0090208464982947,835.508119372602,-184.52973067714709,79.71554745972013,56.27043306300004,0.0009273948398301117,1.2892719598376636,35.702478945950524,0.004701659218560138,0.01706827389801991,35.6854106720525,1.3703599519967834e-06,0.00470028885860814
25.670291475402685,161.29119822926754,1.758476231285966,6.756733454348397,5.5913174347709,0.2833418959895153,0.000986662519559,0.0003031332325068,0.001973325039118,0.0006062664650137,1.756502906246848,0.000268487134303,0.0002685592390034,0.0,0.0418915199869991,-0.0109024934441021,1089.801634967631,-283.6267384018001,82.09339202945928,56.40801497899997,0.0015015999553085156,1.7569746313306571,53.42920464045251,0.005461432645314269,0.031191824676935608,53.398012815775566,1.969592435430762e-06,0.005459463052878837
28.948891641821906,181.8912506230293,2.446127425193138,7.858663040586617,5.596327530092271,0.3169921766851371,0.0017415001592548,0.0008948018368618,0.0034830003185096,0.0017896036737237,2.442644424874629,0.0004330767580141,0.0004332643947535,4.440892098500626e-16,0.0432052834518892,-0.0134482962584206,1429.422048677278,-444.9291765516706,84.56112552109494,56.82140578100007,0.0024246894601677774,2.44370273573297,80.99963313617097,0.006389479821684467,0.056937290938916765,80.94269584523205,2.828643475476764e-06,0.0063866511782089885
32.64623341316386,205.12233411634645,3.4938608369735187,9.188546045880909,5.602113099968933,0.3543968812978129,0.003156658264532,0.0021297523327312,0.0063133165290641,0.0042595046654624,3.4875475204444544,0.0006940781243252,0.0006945602033684,0.0,0.0447954440722633,-0.0170330590865438,1884.7760120666176,-716.6688899577,87.14441993794166,57.02110645699997,0.0038910048140071997,3.4899698321595114,124.92396658215043,0.007550256247200406,0.10363985144878156,124.82032673070164,4.0544261026347586e-06,0.00754620182109777
36.81579831288149,231.320483031584,5.1607990440114655,10.764942035148136,5.608754708363108,0.3959522338668185,0.0059175859488996,0.0046721792714827,0.0118351718977993,0.0093443585429655,5.148963872113666,0.0010989472888038,0.0011001563025898,0.0,0.0465369166364671,-0.0223101688893967,2490.151591377469,-1193.798527689669,89.87391885760911,52.03145582600007,0.006170506842085888,5.154628537169379,197.0962986996491,0.00904700954150973,0.18754410312747263,196.90875459652165,5.787249530992885e-06,0.009041222291978734
41.51789850489252,260.864649870914,7.932196542794601,12.478242587595384,5.616334403756516,0.4420995317925448,0.0115432050060333,0.0099590960838785,0.0230864100120666,0.0199181921677571,7.909110132782534,0.0017039788374948,0.0017068873373957,-8.881784197001252e-16,0.0478341645515024,-0.0304073263537998,3255.1323836173974,-2069.229673843388,92.77615300061946,52.25895830199988,0.009586450076351826,7.92261009271825,320.22545282508975,0.011050204131467931,0.3357256834308635,319.8897271416589,8.196508679969373e-06,0.01104200762278796
46.82054920046207,294.1821868104222,12.636397413702644,13.702952797665665,5.624934667250347,0.4933331325758557,0.0233359089567278,0.0210793344878838,0.0466718179134556,0.0421586689757677,12.589725595789188,0.002555772914405,0.0025623216266163,1.7763568394002505e-15,0.0465798182624026,-0.0429543255174924,4031.164619777278,-3717.403024568607,95.83365756626918,52.96502301399994,0.014412891746199325,12.621984521956444,538.3615909257053,0.01383490472377605,0.5902459366479881,537.7713449890574,1.1456714052667326e-05,0.013823448009723379
52.80045248857096,331.75502728862284,19.92442406175381,12.21562415947331,5.6346384169960935,0.5502107044854775,0.0466825684147071,0.0430504897557173,0.0933651368294143,0.0861009795114347,19.831058924924395,0.0036529171172471,0.0036663098432305,0.0,0.0368212179309218,-0.0600576401949134,4052.594726373628,-6610.027848317229,98.84561144751991,53.092365291999954,0.0206583302912775,19.90376573146253,927.7827177349222,0.017746272751814604,1.009690968607797,926.7730267663145,1.5693334014646013e-05,0.017730579417799954
59.54410682073603,374.1266571051804,26.68554895966097,4.081825805022839,5.645531197807267,0.6133654972919043,0.0792881543263121,0.0737151050412091,0.1585763086526243,0.1474302100824183,26.526972651008347,0.0049047637097269,0.0049289389908165,-3.552713678800501e-15,0.0109102779165914,-0.0713275797189685,1527.1198433188567,-9983.775225294585,101.1469691179626,52.81127103200004,0.027826478844743215,26.657722480816226,1556.4258107108446,0.022759248746604403,1.663620554956443,1554.762190155888,2.09061832212905e-05,0.022738342563383113
63.23235480592604,397.300602654961,27.096255676913444,-2.024330785783281,5.651452167470997,0.6475186957950014,0.0906364000428528,0.0844434767589778,0.1812728000857056,0.1688869535179557,26.91498287682774,0.0055354347530857,0.0055662463465567,-3.552713678800501e-15,-0.0050952119686093,-0.0682008924623892,-804.2678411646884,-10765.35871013062,101.72840094235669,48.10509581100087,0.03145737497992538,27.064798301933518,1953.147075892301,0.025431838589947936,2.100927663802709,1951.046148228498,2.3842702929748744e-05,0.025407995887018184
67.14905819882266,421.9099758657895,24.90981369267016,-7.514314723863563,5.657706523560839,0.6835196950768498,0.0937813523415374,0.087529085312409,0.1875627046830748,0.175058170624818,24.722250987987085,0.0061360131066006,0.0061738962146928,-3.552713678800501e-15,-0.0178102324043029,-0.0590405895038472,-3170.3643437932224,-10509.698893895778,101.87708863278958,53.445814577999954,0.034930092889655026,24.874883599780503,2360.5317725944315,0.027872705776898113,2.620967705103911,2357.910804889327,2.6940948089910063e-05,0.0278457648288082
71.30836785737257,448.0436892004004,21.18005637804994,-11.19362390005196,5.664308656299744,0.7214747941793972,0.0897207902325237,0.0838979846908179,0.1794415804650475,0.1677959693816358,21.00061479758489,0.0066845157348827,0.0067294991780261,0.0,-0.0249833312461751,-0.0472723015379345,-5015.232547701054,-9489.590597093966,101.68547271707126,50.06671067100069,0.03811796044665525,21.14193841760328,2743.9358560873447,0.02991446682845716,3.2286266526638796,2740.707229434681,3.0152865745358522e-05,0.0298843139627118
75.72531116410386,475.79616248789966,17.1869276387764,-12.98931651673932,5.671274734741084,0.7614973712761546,0.0818889047421352,0.0767477678391529,0.1637778094842704,0.1534955356783058,17.02314982929213,0.007164947042118,0.0072166539857472,0.0,-0.0273001708311795,-0.0361224595610593,-6180.26695200526,-8177.474215487029,101.28948838387558,55.73317315700001,0.040927627418736644,17.146000011357664,3082.8654425925197,0.03151718361465014,3.9269064131612454,3078.9385361793584,3.3427361055801044e-05,0.031483756253594335
80.41584631932477,505.267664057993,13.666921468733316,-13.44761924645518,5.678623129081785,0.8037081574297175,0.0732099381205283,0.0688010822941079,0.1464198762410566,0.1376021645882159,13.52050159249226,0.007568661378372,0.007626382887993,0.0,-0.0266148423955183,-0.0270488741728872,-6794.6471637977165,-6905.453485370917,100.80372206046952,49.77009954100049,0.04330735425899059,13.623614114474325,3372.3075704178304,0.0327315986645155,4.717120698878783,3367.5904497189517,3.6714735417859234e-05,0.03269488392909764
85.39691999732158,536.5646730055615,10.830542836457486,-13.14257357151197,5.6863748447780855,0.8482354537460333,0.0651930393560801,0.0614619441092306,0.1303860787121603,0.1229238882184613,10.700156757745326,0.0078940926647765,0.0079569052118437,-1.7763568394002505e-15,-0.0244939226018999,-0.0201849718800723,-7051.840690849856,-5811.286675516538,100.30091715875145,56.91408720499999,0.04524594563891166,10.785296890818573,3616.354919674335,0.03363967480590226,5.59930172132118,3610.755617953014,3.997030429233589e-05,0.03359970450160992
90.68652857386448,569.800263894427,8.630185470125644,-12.467570645749593,5.694553952595666,0.8952152912346869,0.0583398220832112,0.0551957648537908,0.1166796441664224,0.1103915297075817,8.513505825959221,0.0081453240246276,0.0082122151782141,0.0,-0.021880598230224,-0.0151459836314232,-7104.025044070528,-4917.481958335441,99.81955111410488,49.6625121269999,0.046764902402665225,8.583420567722978,3822.2341903868814,0.03431886175180122,6.5727044631926,3815.661485923689,4.3156710230169284e-05,0.03427570504157104
96.30378314623388,605.0945152902258,6.942842148406141,-11.64789450075943,5.703187998882972,0.9447915366918096,0.0526715599938104,0.0500208773654394,0.1053431199876209,0.1000417547308789,6.83749902841852,0.0083301335486854,0.008400107566538,0.0,-0.019249710923545,-0.0114739796394883,-7048.077077088714,-4201.075704526364,99.37678347253342,56.75646300800008,0.04790739266280556,6.894934755743335,3997.1895115785474,0.03483052071776396,7.636301227859043,3989.553210350688,4.624487359689365e-05,0.034784275844167066
108.60366683678676,682.3769637747255,4.643627225996026,-9.981321162042848,5.721950678553068,1.0523482142723652,0.0442563554722665,0.0423519622394023,0.088512710944533,0.0847039244788047,4.555114515051493,0.0085391004495454,0.0086126446876696,0.0,-0.014627283293429,-0.0068050761859086,-6811.023629015213,-3168.7042473768192,98.62346630191776,56.61960238400002,0.04928112811474754,4.594346097881278,4282.213962957147,0.035542312493327545,10.027116231100615,4272.186846726046,5.206715457459378e-05,0.035490245338752946
122.47448713915892,769.5298980971186,3.238807187663556,-8.50819079723405,5.742965793287363,1.172214558701653,0.038605331325144,0.0372058126431738,0.0772106626502881,0.0744116252863476,3.161596525013268,0.0085963720986982,0.0086709104715461,0.0,-0.0110563485814819,-0.0042088126733898,-6547.307197186361,-2492.3589650789518,98.03359599900824,51.95638451799982,0.04979674223474645,3.189010445428809,4500.885625551359,0.03597069710487186,12.775698902219732,4488.109926649139,5.733603331883044e-05,0.035913361071553025
138.11688349844124,867.8139730708407,2.343516929756059,-7.273203253021126,5.7666102189737405,1.3058261543304586,0.034718892526328,0.0336604711295945,0.0694377850526561,0.0673209422591891,2.274079144703403,0.0085618614578109,0.0086357999808241,-4.440892098500626e-16,-0.008381062622539,-0.0027004830556752,-6311.7874119560265,-2033.736737770384,97.57711495311057,52.490081821999865,0.04979929241843349,2.293717637337625,4675.5274784526755,0.03623915667087295,15.891540201935447,4659.63593825074,6.203553233117821e-05,0.03617712113854177
155.7571209557058,978.6508538774845,1.7521609424996945,-6.246847628544037,5.793337984826427,1.4547456330279989,0.0319795553158228,0.0311542273848141,0.0639591106316456,0.0623084547696283,1.6882018318680487,0.0084764587799511,0.0085489233765655,0.0,-0.0063831218291933,-0.0017903841145772,-6113.48276571716,-1714.7538025081035,97.22568007986166,53.26609196300001,0.0495268025268275,1.7026341399728662,4820.024938882787,0.03641348679842169,19.395812003009866,4800.629126879777,6.619287252997021e-05,0.03634729392589171
175.65036303967963,1103.6437802516753,1.3517851608681248,-5.390645895346301,5.82367907605245,1.6206659740939795,0.0300220420927329,0.0293608036648127,0.0600440841854659,0.0587216073296255,1.291741076682659,0.0083679720507163,0.0084385859016892,0.0,-0.0048844074436019,-0.0012248382902677,-5949.352813938169,-1491.8892850286163,96.95833571511017,53.16921544799993,0.04914361614713859,1.302641544720986,4943.520041382593,0.036530429388672216,23.32156105342638,4920.198480329167,6.985553788310291e-05,0.03646057385078911
198.08436267093845,1244.600757116073,1.0772718903741834,-4.672657205405497,5.8582347339717975,1.805418942094239,0.0286444409923997,0.0281046457176863,0.0572888819847994,0.0562092914353726,1.019983008389384,0.0082602303029595,0.0083290300090344,0.0,-0.0037543422488611,-0.0008655561907823,-5815.592695591556,-1340.773410379572,96.76318469111848,53.57574915100008,0.048793412899218756,1.0284784774749642,5052.506971366346,0.036611427880019747,27.715799600451515,5024.791171765895,7.307912993142346e-05,0.036538348750088316
223.383624467022,1403.5607071157149,0.887935437567149,-4.069580153796392,5.897671230740483,2.0109908017677185,0.0277596121859167,0.0273156177207729,0.0555192243718335,0.0546312354415458,0.8324162131953154,0.0081819101939901,0.0082494060938033,-1.1102230246251563e-16,-0.002899468568167,-0.0006326305895181,-5711.902798326543,-1246.2712906248494,96.63812452371444,51.9458805769998,0.04865228499011894,0.8392831525770296,5151.943560712685,0.03666942297101652,32.64640804406035,5119.297152668625,7.59225706975284e-05,0.03659350040031898
251.91409865562557,1582.822963344415,0.7544009834689438,-3.564087801926355,5.942715236740159,2.2395466329235774,0.0273500151979897,0.0269870249434654,0.0547000303959795,0.0539740498869309,0.6997009530729643,0.0081676991405521,0.0082349598147535,-1.1102230246251563e-16,-0.0022517286420937,-0.0004766174113843,-5641.320016264755,-1194.0832002042546,96.58775025873186,50.79382124099993,0.048938021165078546,0.705462962303865,5245.656834451433,0.03671232431360856,38.215003465697905,5207.441830985735,7.844639830494225e-05,0.036633877915303606
284.0884744926546,1784.98052887131,0.6530948937782172,-3.139277864795577,5.994154693959202,2.4934630158159496,0.0273875077059946,0.027098359475893,0.0547750154119893,0.054196718951786,0.5983198783662278,0.0082402525569426,0.0083087184957723,-1.1102230246251563e-16,-0.0017587182683615,-0.0003658834834412,-5603.549863376807,-1165.7616688993942,96.61161953867614,51.20963582900004,0.04980374397221917,0.6032911498059975,5336.227437138671,0.036744891059987135,44.56891279037605,5291.658524348295,8.070921390393377e-05,0.036664181846083194
320.3721497536808,2012.9575841618653,0.5687582395510186,-2.77533680401371,6.052848994345556,2.7753667389120227,0.0277607562034697,0.0275438899483532,0.0555215124069394,0.0550877798967064,0.5132367271440792,0.0083848996845841,0.0084558007254196,0.0,-0.0013787358590415,-0.00028254854649,-5586.63526824295,-1144.8862118587738,96.69300567561731,50.81563383400021,0.051181684917242454,0.517576554633776,5424.894081751441,0.03676995174861848,51.89715780621741,5372.996923945224,8.276014997744079e-05,0.036687191598641034
361.28996264664966,2270.0517849328908,0.4979092549207979,-2.454406533945132,6.119750800916389,3.088175145383597,0.0283322717935913,0.028188410220277,0.0566645435871827,0.056376820440554,0.4412447113336151,0.0085626253251254,0.008636577098915,0.0,-0.0010812116931586,-0.0002193382803976,-5571.629933333096,-1130.279792867563,96.80994726179463,50.58297474599999,0.05285369961826122,0.4450555553025363,5512.18548366706,0.036789345766306984,60.41095860356103,5451.7745250635,8.463318998496759e-05,0.036704712576322004
407.4337835219955,2559.9819622739906,0.4448969534733319,-2.167761342604209,6.195939161189491,3.435132769878104,0.0291016891072016,0.0290296271390163,0.0582033782144032,0.0580592542780326,0.3866935752589286,0.0087644653789741,0.0088419604350897,0.0,-0.0008467877409099,-0.0001737890969661,-5549.429935581624,-1138.9281759623807,96.96203067288866,49.7725284459998,0.054784248921460346,0.39011270455187147,5599.194845267665,0.036804527953945745,70.34461103717423,5528.850234230492,8.635122976222002e-05,0.03671817672418352
459.4710761931755,2886.9419150109525,0.4139003314297926,-1.9196464280779224,6.282660568619872,3.819839807293521,0.0304268702312642,0.0304210412614566,0.0608537404625284,0.0608420825229132,0.3530465909672642,0.0090873123340186,0.0091706488847399,0.0,-0.0006649411330711,-0.0001433698160942,-5541.907735219213,-1194.9062154415933,97.2001719251599,50.75641251000002,0.05761607413681317,0.35628425729297936,5688.573816587103,0.03681676174734385,82.04262805181136,5606.531188535292,8.794071375047931e-05,0.036728821033593366
518.1545527059075,3255.6610724099683,0.3886653503769848,-1.726138988965389,6.381372728663327,4.246270602333403,0.0331820082001287,0.0332338206120639,0.0663640164002574,0.0664676412241278,0.3223013339767273,0.0098026060748043,0.0098996484286292,0.0,-0.0005301961569628,-0.0001193813918993,-5619.723511943717,-1265.3626514169305,97.63257804421936,51.475458392000064,0.06317334650580914,0.3254920038711751,5782.768505263569,0.03682689407705171,96.21931431034702,5686.549190953222,8.94515953304888e-05,0.036737442481721214
584.3330612109736,3671.472904700059,0.3278610080542115,-1.5585925326935195,6.493785981097775,4.718783563258169,0.0366745982656041,0.0367692893208893,0.0733491965312082,0.0735385786417786,0.2545118115230032,0.0107524175097085,0.0108692886391906,0.0,-0.0004245142407828,-8.929958536109532e-05,-5722.330253252098,-1203.7328075786854,98.1370456139968,51.40365367799996,0.07058283418968123,0.25727817386452995,5877.605796674655,0.03683496671869777,113.92288339387036,5763.682913280784,9.0933511296241e-05,0.03674403320740152
658.9638644321317,4140.392070962251,0.2666581061238635,-1.3710362230326545,6.621899410937573,5.242126057936668,0.0392028167668027,0.039310280811625,0.0784056335336054,0.0786205616232501,0.188252472590258,0.0113820104338843,0.0115130521131621,0.0,-0.0003311368101219,-6.440407129412038e-05,-5676.627506846434,-1104.0691082530548,98.51368341077236,50.2556225190001,0.0762382730062417,0.19041983311762128,5966.344674717538,0.03684091891578397,135.83763771357332,5830.507037003964,9.237888039319354e-05,0.03674854003539077
743.1264863354169,4669.201420318683,0.2325964661014344,-1.1881972957987574,6.76803127127334,5.821438013049149,0.0418462199779772,0.0419322285986945,0.0836924399559545,0.0838644571973891,0.1489040261454799,0.0119549907659193,0.0120996418727793,0.0,-0.0002544754849572,-4.981504226595547e-05,-5547.932501162376,-1086.039749881924,98.905961464888,49.61616391100006,0.08189075456617863,0.15070571153525517,6050.381822308906,0.03684533306399097,162.45474483259684,5887.927077476309,9.375972702706375e-05,0.036751573336963904
838.0383272899461,5265.550104881547,0.2171758177231845,-1.0237433176147928,6.934844878183707,6.462256545787441,0.0454407310488763,0.0454751137273789,0.0908814620977526,0.0909502274547578,0.1262943556254318,0.0127071027842193,0.0128706514754173,0.0,-0.0001944228612819,-4.124465884805593e-05,-5390.571733438354,-1143.55014979005,99.4008276472446,51.12481144399999,0.08925597146318523,0.1279198462599991,6135.759253245141,0.03684884514036496,194.9424465141716,5940.816806730969,9.508382725671805e-05,0.03675376131310824
945.0722735913068,5938.064223651704,0.2138770963910529,-0.8785875330456359,7.125371001531757,7.170522434107576,0.0501504991052263,0.0501166407387166,0.1003009982104526,0.1002332814774333,0.1135760981806003,0.0136663861027998,0.0138557440507388,-2.775557561562892e-17,-0.0001479585770639,-3.601798302200341e-05,-5217.109197324699,-1270.0159343382184,100.00371159904478,52.06172240799992,0.09872731686378042,0.11514977952727228,6228.033842169837,0.036851820370500624,235.18363289085485,5992.850209278983,9.637233314727202e-05,0.036755448037353346
1065.7765560667765,6696.471597815231,0.2194864852120363,-0.7524651974720173,7.343026661164414,7.952588868143035,0.0553079289552314,0.0552197126106712,0.1106158579104629,0.1104394252213424,0.1088706273015733,0.0146268648753971,0.0148439858506468,0.0,-0.0001123674141644,-3.277643786074524e-05,-5038.861823215793,-1469.7850143266935,100.65632277398484,51.54032404999998,0.10899978385924677,0.1104867013527889,6332.651522506639,0.03685446625508218,285.33073417782015,6047.320788328819,9.763505561070661e-05,0.03675683119947147
1201.8971450142933,7551.742482294901,0.2360803833279757,-0.6464989494523359,7.591629518656534,8.81523394697705,0.0589499684919451,0.0588635250321496,0.1178999369838903,0.1177270500642992,0.1181804463440854,0.0150618684724123,0.0152921975404202,0.0,-8.560924196873186e-05,-3.126170998037438e-05,-4882.193581338229,-1782.8182600143389,101.239296477882,51.57892499400009,0.11609269825298084,0.11998768507499419,6456.675583407923,0.036856925750408054,346.61017664336975,6110.065406764554,9.885099287740871e-05,0.036758074757530644
1355.4030054147674,8516.24824892912,0.2341140830259505,-0.5804892722773168,7.875407703220671,9.765679881468438,0.0589354333681025,0.0589170526408402,0.117870866736205,0.1178341052816805,0.1162432162897455,0.0145348726895473,0.014749251177681,2.775557561562892e-17,-6.816255882985923e-05,-2.7490284005681656e-05,-4943.590748553838,-1993.7736496193984,101.66493547469808,50.35215326899993,0.1161563663414455,0.11795771668450447,6601.030795634326,0.03685918770501187,417.9133616189152,6183.11743401541,9.996767330130871e-05,0.03675922003171055
1528.5145777308064,9603.940336608011,0.2051468507210368,-0.5022808607036507,8.1990068175115,10.811622555833566,0.0463765199673921,0.046421049829397,0.0927530399347843,0.092842099658794,0.1123938107862524,0.0110365711523562,0.0111597363769217,0.0,-5.229945658752913e-05,-2.136069608211373e-05,-4823.875418417983,-1970.2181145678685,101.23352297782368,50.81937248000008,0.0914987546360121,0.11364809608502459,6753.1130974302305,0.03686107536213118,489.80837060268505,6263.304726827544,0.00010086563150025632,0.036760209730630926
1723.735896262557,10830.552056854933,0.1681665460188509,-0.4001805859946834,8.567498017670104,11.961274291801155,0.0304635286944233,0.0304945367971494,0.0609270573888466,0.0609890735942989,0.1072394886300043,0.0069745188754269,0.0070235044397133,0.0,-3.6949232494699926e-05,-1.5527052096334654e-05,-4334.176668758131,-1821.336530878656,100.27829694852208,51.47855381300019,0.06017386036434087,0.10799268565450973,6898.870564504486,0.036862503520869234,549.02782637374,6349.842738130743,0.00010145324684985145,0.03676105027401938
1943.890809648111,12213.82617394244,0.1425416865277597,-0.2656794739277803,8.986392325863367,13.223420651223178,0.0180386160468976,0.0180325193108651,0.0360772320937952,0.0360650386217302,0.1064644544339645,0.0039519654808355,0.0039676454788079,0.0,-2.175235426999884e-05,-1.1670518680858997e-05,-3244.9629125383817,-1740.979381790651,99.21151857934832,50.91442766399996,0.035654818882505795,0.10688686764525318,7035.67845255344,0.03686355548771715,591.2221355326232,6444.456317020815,0.00010178435837160656,0.03676177112934555
2192.163827432889,13773.771551456894,0.1463481445454122,-0.0881102532343482,9.461666220979904,14.607489869480691,0.0099911147639421,0.009978924377176,0.0199822295278843,0.0199578487543521,0.1263659150175279,0.0020797460086636,0.0020840803664875,0.0,-6.3969590975994165e-06,-1.0625132266690783e-05,-1213.610499390928,-2015.7659099481,98.33106182122329,51.42405201699989,0.019718872805402198,0.12662927174000915,7179.125552889183,0.03686441298313117,618.7177226151048,6560.4078302740745,0.0001019546477194068,0.036762458335411766
2327.9496213835355,14626.93885693131,0.1734527855251086,0.0263849979328047,9.722450111254618,15.348386931510367,0.0073353657117875,0.0073286415642312,0.0146707314235751,0.0146572831284624,0.1587820541015334,0.0014825055961643,0.0014847066821292,0.0,1.803863282049726e-06,-1.1858447431939186e-05,385.93175150339454,-2537.083288440184,98.1226053435492,49.79073067099944,0.014434986646847517,0.15901779887826015,7265.974399280744,0.03686484264463119,627.9929404595098,6637.98145882123,0.0001020011973394602,0.03676284144729173
2472.146183547796,15532.952577667602,0.2368753387706983,0.1578424599019146,9.999802391475612,16.12363196860186,0.0061495613618259,0.0061468404812483,0.0122991227236519,0.0122936809624967,0.2245762160470464,0.0012014760108459,0.0012029212919211,0.0,1.0161780840614394e-05,-1.5249859135684496e-05,2451.75944439884,-3679.3734039442056,98.54427733638867,51.13808871899983,0.012028975211709548,0.22484636355898843,7384.310209046274,0.03686535958964882,635.6249651020098,6748.68524394426,0.00010203503340150409,0.03676332455624732
2625.2744890577887,16495.086096961295,0.3404664374012803,0.3103038943005871,10.294622071838615,16.934620532177,0.0084216299875309,0.0084180139120057,0.0168432599750618,0.0168360278240115,0.3236231774262184,0.0015837442218208,0.0015862564463019,0.0,1.8811899039299404e-05,-2.064047652737021e-05,5118.489452710562,-5616.023198059802,100.35395500381216,50.82316419499966,0.016329910623695827,0.3241365267775835,7561.124944816963,0.03686604348677898,644.3100613702638,6916.814883446696,0.00010206868286028951,0.03676397480391869
2787.887782997839,17516.815556197493,0.5898989015967848,0.5404767475924488,10.60784814899167,17.782804161279177,0.0256877525856682,0.0256716611201834,0.0513755051713364,0.0513433222403668,0.5385233964254483,0.004588021584988,0.0046091685497833,1.1102230246251563e-16,3.0854737601049113e-05,-3.367614962344438e-05,9467.431499990433,-10333.150256074374,104.83832970723456,53.71940308099988,0.04889336006920939,0.541005541527575,7863.704489501217,0.03686707569571133,665.5224031480975,7198.182086353115,0.00010214002536561261,0.036764935670345715
2960.573579251934,18601.83241397983,1.266337944132682,0.474555864075263,10.940462520116224,18.66969319328673,0.0977304828336194,0.0976419486183401,0.1954609656672389,0.1952838972366803,1.070876978465443,0.0160124650386235,0.0162730364661093,-2.220446049250313e-16,2.5511242845012413e-05,-6.80759785353722e-05,8827.608654599435,-23556.206216219904,110.59927239890544,49.71011669499967,0.17803454554595338,1.0883033985867283,8504.795964983183,0.036869003609123006,743.8968552949545,7760.899109688224,0.00010237275547619956,0.0367666308536468
3143.9557831626685,19754.056783189968,1.393847509376229,-0.2726051399392488,11.293493253081724,19.59685956937281,0.1385312780470217,0.1383562362865418,0.2770625560940434,0.2767124725730836,1.1167849532821856,0.0218377169244067,0.0223252494010946,0.0,-1.3799957291366424e-05,-7.056006392379848e-05,-5385.057413749368,-27534.14284732594,112.45352422630717,54.58413596199989,0.2521300534846287,1.1417174558916001,9480.457307534663,0.0368716558901726,901.6659197241654,8578.791387810492,0.000102798432183458,0.036768857457989135
3338.6969456707607,20977.651594163886,1.0744309047609728,-0.5418820232166538,11.668018244113595,20.56593961032402,0.1183605404758212,0.1182203926121436,0.2367210809516425,0.2364407852242872,0.8377098238093303,0.0185773612424068,0.0189290123426583,0.0,-2.5831395892160245e-05,-5.121788299029078e-05,-11367.41228817959,-22539.03718207797,112.21424638084144,50.40558291399975,0.22086406135718847,0.8535668434037833,10441.808123060082,0.0368739980315759,1085.8887672917285,9355.919355768348,0.00010324556236189145,0.036770752469214005
3545.500657079224,22277.03763515575,0.87949059479587,-0.5759977818804476,12.065169301385604,21.57863672766308,0.0956332630580438,0.0955896369500624,0.1912665261160876,0.1911792739001248,0.6882240686797824,0.0147757088753261,0.0149973046832403,0.0,-2.5856121056753805e-05,-3.947969246179895e-05,-12831.524264716963,-19592.44508003311,111.73541705584996,53.6519235180001,0.18094502006775742,0.6985455747281123,11249.964558878371,0.036875740873897056,1252.079985924337,9997.88457295403,0.00010360395562516653,0.03677213691827188
3765.114089090741,23656.909524429797,0.8131576258797311,-0.594834313183571,12.48613669683808,22.63672401886028,0.0702348509187659,0.0702609163801125,0.1404697018375319,0.1405218327602251,0.6726879240421991,0.010562192130569,0.0106749429287655,0.0,-2.514421051360505e-05,-3.437294398239158e-05,-14071.941529010075,-19236.796384536927,110.75670616095522,49.41513969500011,0.1332887966395111,0.6798688292402193,11993.421128739885,0.0368771574646846,1390.0999198066597,10603.32120893322,0.00010386871169691271,0.03677328875298768
3998.330694302517,25122.25267168673,0.6925883159776893,-0.6906469568760136,12.93217422663842,23.74204667463739,0.0547670035637212,0.054783056681358,0.1095340071274424,0.1095661133627161,0.5830543088502469,0.0080393332936876,0.0081044879736827,0.0,-2.7491442184815946e-05,-2.7568718658667496e-05,-17350.60735757074,-17399.378671449518,109.89614938239922,54.11103607899986,0.10480865049336044,0.5877796654843276,12695.751042482676,0.036878347036992255,1501.1564764664965,11194.59456601617,0.00010405725824612092,0.036774289778746125
4245.99307291173,26678.361290105287,0.563694631467959,-0.6254826005681782,13.404604810094284,24.89652410273565,0.0435318118567888,0.0434948968466509,0.0870636237135776,0.0869897936933019,0.4766310077543813,0.0062329436792085,0.0062720369321606,0.0,-2.344531561614929e-05,-2.1129282467474013e-05,-16686.850798632473,-15038.449035594962,109.21167308228377,50.72617755700048,0.08407417642992898,0.47962045503802964,13318.019088423844,0.03687928289526257,1594.7148168550052,11723.304271568826,0.00010419802527822746,0.036775084869984334
4508.996016988873,28330.85752407576,0.628997610708041,-0.6317712407169873,13.904826635696512,26.102151649957747,0.0331695748898833,0.0331236186737515,0.0663391497797667,0.0662472373475031,0.5626584609282743,0.0045644662172227,0.0045853961028267,0.0,-2.2299757082188696e-05,-2.2201855703573903e-05,-17898.62100856154,-17820.041691953582,108.44939385128345,50.56368115600003,0.06375913786580367,0.5652384728422373,13945.382230564353,0.036880111703881516,1672.4760106399237,12272.90621992442,0.00010430194442686041,0.036775809759454645
4788.289743317765,30085.71176173289,0.4670643987934303,-0.8160934865299906,14.434319830396095,27.36100178703389,0.0177212227953225,0.0177267227945137,0.0354424455906451,0.0354534455890274,0.4316219532027852,0.0023784666609172,0.0023841372518858,0.0,-2.712561673771034e-05,-1.55244590020804e-05,-24552.753406368945,-14051.964876266213,106.35703884986414,49.81582033799987,0.034413399613281256,0.4326509991801477,14557.628716406753,0.03688083768384346,1727.3139582713166,12830.314758135426,0.00010436755419963665,0.03677647012964381
5084.8833264823625,31949.26420567644,0.2560694297342276,-0.7250348464283928,14.99465358608454,28.675224614692755,0.0117079956424328,0.0117194991123548,0.0234159912848657,0.0234389982247097,0.2326534384493619,0.0015354020436,0.0015377631282496,0.0,-2.2693319062401927e-05,-8.014877215505066e-06,-23164.32986686276,-8181.229865575737,105.15589408373224,50.98422114899995,0.023058225405556444,0.23301120432866984,14986.582423027856,0.0368812925814972,1761.405388660575,13225.177034367269,0.00010440350663564946,0.036776889074861534
5399.848344603918,33928.24777981335,0.1931724593690481,-0.6050610040860948,15.587493629307437,30.047047558649847,0.0110089665039966,0.0109916442498827,0.0220179330079933,0.0219832884997655,0.1711545263610547,0.0013952473795635,0.001397196814758,0.0,-1.783354707890616e-05,-5.693558377157987e-06,-20528.65966853568,-6554.003065708992,105.61044511466548,50.76869622699997,0.02177879644892897,0.1713936629201178,15269.573382512606,0.03688155631707498,1789.649575462404,13479.923807050189,0.00010442965435822638,0.036777126662716736
5734.322750900352,36029.81245508272,0.1816629531270407,-0.5521448677979225,16.21460987294842,31.478774149434045,0.0118298011588893,0.0118259144635337,0.0236596023177787,0.0236518289270674,0.1580033508092619,0.0014429866207246,0.0014450718400558,0.0,-1.5324666718325687e-05,-5.042017727777917e-06,-19893.67603479559,-6545.28213120376,106.90765958009686,51.635226814999896,0.02343127612488851,0.15823167700215082,15520.319086619624,0.036881762187344826,1819.8927998278969,13700.426286791711,0.00010445438495450889,0.0367773078023903
6089.514985055624,38261.55108195141,0.1237785576566715,-0.5180047834105924,16.877884049739713,32.97278183041604,0.0087989041576327,0.0088115408864076,0.0175978083152655,0.0176230817728152,0.1061807493414059,0.0010350639653094,0.0010361364327942,0.0,-1.3538520231474454e-05,-3.235063769149178e-06,-19819.66648115956,-4735.959606631006,105.92883827592138,50.442998529999386,0.01748779057241143,0.1062907670842599,15737.299991857679,0.0368819216625893,1848.9610692674216,13888.338922590243,0.00010447569324314303,0.036777445969346144
6466.708339253259,40631.52682301178,0.0855319376750153,-0.442800642620144,17.5793171049863,34.531518801065914,0.0043320786293154,0.0043255569594218,0.0086641572586309,0.0086511139188437,0.0768677804163844,0.0004904744579309,0.0004907151411737,0.0,-1.0897957257401477e-05,-2.1050633427482738e-06,-17991.666187867235,-3475.293219866557,101.4105253693704,51.60195307599997,0.00862643707491059,0.07690550060010314,15895.201047463534,0.03688202453069842,1868.6612955045698,14026.539751958948,0.00010448864672491979,0.036777535883973485
6867.265594648284,43148.30228479398,0.0792804946880264,-0.3921734527086344,18.32103612666897,36.15749997611029,0.0026280054256114,0.002626161752377,0.0052560108512228,0.005252323504754,0.0740244838368036,0.0002856478483159,0.0002857294663232,0.0,-9.088966006591676e-06,-1.8373954591480168e-06,-16921.618685543515,-3420.818750086969,97.97106057619904,50.71610913200038,0.005234859874961193,0.07404563481306513,16027.23467858817,0.03688210014940494,1879.7657816294818,14147.468896958671,0.00010449508526876687,0.03677760506413616
7292.633945028941,45820.97045404495,0.050239484538477,-0.3421286100863075,19.105300618959227,37.85330221556345,0.0021796811625759,0.0021827356803136,0.0043593623251518,0.0043654713606273,0.0458801222133252,0.0002275771031042,0.0002276289062313,0.0,-7.466638237822512e-06,-1.0964299542469e-06,-15676.66493424816,-2302.021936664005,97.5451962740944,51.90810482400002,0.004348918683113868,0.04589056585536237,16137.422078398,0.03688215673345502,1887.9190537808058,14249.503024617175,0.0001044992395031703,0.036777657493951836
7744.350225457122,48659.18755024511,0.0360558678462617,-0.2738469626984987,19.93450798049381,39.62155904523803,0.0021968414259542,0.0021887491017284,0.0043936828519084,0.0043774982034569,0.0316621849943532,0.0002200079519674,0.0002200563661178,0.0,-5.627857275991845e-06,-7.40987872208732e-07,-13325.170718011226,-1754.4492358181024,95.47185232880564,50.376290549999794,0.004386715386533751,0.03166915245972641,16215.384109592946,0.036882192108875556,1895.8111100390515,14319.572999553873,0.0001045027846323244,0.03677768932424322
8224.04646477834,51673.20791305748,0.041334242911136,-0.1944704793176441,20.81119812728986,41.46495513171463,0.0024226813247709,0.002431476217618,0.0048453626495418,0.0048629524352361,0.0364888802615942,0.0002323632719288,0.0002324172771678,0.0,-3.763468287953973e-06,-7.999163315094119e-07,-10048.913510732567,-2135.872927875956,92.4359708457037,49.31833326700007,0.004836882003344328,0.0364973609077915,16289.631599774899,0.03688222157029329,1904.6601600009265,14384.97143977395,0.00010450630004249665,0.03677771527025078
8733.455782062187,54873.921050755736,0.1435079068900643,-0.1225025594060748,21.738057293897864,43.3862207914816,0.0047594088949902,0.0047317130076548,0.0095188177899805,0.0094634260153097,0.1339890891000838,0.000435015397785,0.0004352047185388,0.0,-2.232436776164872e-06,-2.6152296781803954e-06,-6722.195773364464,-7874.841552844596,92.60654947165548,51.207852898000056,0.009460505106171128,0.13404740178389288,16477.952226445916,0.0368822858976591,1919.2266044137289,14558.725622032163,0.0001045113465691598,0.03677777455108993
9274.41864827684,58272.8909834854,0.1182811566276993,-0.1839703926121608,22.717921144091484,45.38812679601551,0.0041842983297073,0.0042064934272204,0.0083685966594147,0.0084129868544409,0.1099125599682846,0.0003664618376213,0.0003665961811315,0.0,-3.1570493501737926e-06,-2.029780136722929e-06,-10720.486632877455,-6892.584945566485,95.64845501529835,49.02427185300007,0.008328303134670496,0.10995285349302736,16761.188550734354,0.036882375147015055,1938.472773798746,14822.715776935582,0.00010451739930388956,0.03677785774771115
9848.889535820716,61882.3980235035,0.0985444877471078,-0.250566554228676,23.7537774112061,47.473479682409845,0.0021463630599622,0.0021278704797669,0.0042927261199244,0.0042557409595338,0.0942517616271834,0.0001799709956166,0.0001800033910061,0.0,-4.049076348552436e-06,-1.59244778635889e-06,-15505.659240156703,-6098.169213788794,97.80511724484774,51.28161965600066,0.004275760483221198,0.0942687272638846,17010.30859146689,0.03688244473356486,1952.9541090252053,15057.354482441655,0.00010452150003055739,0.03677792323353429
10458.94397993574,65715.48314334662,0.0560754013143642,-0.083340847244861,24.84876835559253,49.64511769742163,0.0021533057073785,0.0021619145812641,0.004306611414757,0.0043238291625282,0.0517687898996071,0.0001729226433537,0.000172952550766,0.0,-1.2682071752111732e-06,-8.533057756274232e-07,-5476.784042271894,-3685.0220898305,95.39576937910712,49.244578189000094,0.004297657870493191,0.0517777434438703,17198.96169240794,0.03688249197411216,1963.414612961087,15235.547079446816,0.00010452407655942859,0.036777967897552714
11106.786077514736,69785.99509222739,0.0999877483115558,0.0716256836303959,26.006193362027904,51.90590740082102,0.0025694183565305,0.0025786666497051,0.005138836713061,0.0051573332994103,0.0948489115984948,0.0001968436781826,0.0001968824332449,0.0,1.0263618586471e-06,-1.43277670798295e-06,4998.469606308239,-6977.744512953104,94.88131388654324,51.41854070199952,0.00512016262855342,0.09486758568300095,17401.17024882482,0.03688253540007918,1975.6171341345369,15425.553114690247,0.00010452672820017351,0.03677800867187899
11794.756450395776,74108.6404308884,0.2928564304765523,0.3163668947652984,27.2295119971168,54.25874084517482,0.0046911429314957,0.0046400441968616,0.0093822858629914,0.0092800883937233,0.2834741446135608,0.0003408967468651,0.0003410129970865,0.0,4.26896098654425e-06,-3.95171775887134e-06,23445.520448398205,-21703.19190406028,97.10675787450974,49.09506985500002,0.009285617495339607,0.283570812981212,17941.70056115482,0.03688263701923767,1995.4386339814905,15946.261927173291,0.00010453050113317274,0.03677810651810448
12525.340701914516,78699.03666568773,1.376619445831302,-0.2972267735553122,28.52234780492516,56.70653314901286,0.0213615151960138,0.0216473436247372,0.0427230303920277,0.0432946872494744,1.333896415439274,0.0014289132475285,0.0014309579623175,0.0,-3.776752373957598e-06,-1.749220199072016e-05,-23391.46075005358,-108338.62424217636,106.69920280290654,50.63413807699999,0.04081428069544673,1.3358051651358536,20381.086128196748,0.03688303970317305,2068.643027223252,18312.443100973454,0.0001045426004001463,0.03677849710277289
13301.178397267551,83573.768673886,0.2491824556183732,-0.6575145697467147,29.88849304439852,59.25222020417401,0.0032888005215638,0.0033144312926598,0.0065776010431276,0.0066288625853196,0.2426048545752455,0.0002182517707154,0.0002182994149493,0.0,-7.86747540741412e-06,-2.9815869210195663e-06,-54950.97055172162,-20825.116903440798,97.3421911415906,49.40792779599997,0.006524640545308419,0.24265781507306314,22903.80292883935,0.03688343994721149,2142.097666335105,20761.705262504198,0.00010455427515363583,0.03677888567205784
14125.072600132477,88750.44862399733,0.0922251601779912,-0.3949326875281296,31.33191447662532,61.89875621794672,0.0010046498259884,0.0009904023375866,0.0020092996519768,0.0019808046751733,0.0902158605260144,6.394127811294331e-05,6.394536686142982e-05,1.3877787807814457e-17,-4.449923280966304e-06,-1.039151481574081e-06,-35050.45319440246,-8185.024340216733,86.3787450329834,50.24387660700086,0.0020035307656787503,0.09022162941231245,23466.37043977647,0.036883518027334514,2156.1502881434276,21310.220151632995,0.00010455623357250358,0.036778961793762
15000.0,94247.7796076938,0.1231981487699815,-0.2038885337780231,32.856760210989115,64.64911079275197,0.0013632888211489,0.0013364429493313,0.0027265776422979,0.0026728858986627,0.1204715711276836,8.267377455590696e-05,8.268061007402437e-05,-1.3877787807814457e-17,-2.1633245327020837e-06,-1.3071729571008844e-06,-19216.041596046955,-11611.151973349091,91.28185547553072,43.192467249999936,0.00271661697930051,0.12048153179068102,23843.329950913885,0.0368835627855156,2164.409861330438,21678.9200895834,0.00010455721383738182,0.03677900557167821
